path,kontras0,dissimilarity0,homogenitas0,entropi0,asm0,energi0,correlation0,kontras45,dissimilarity45,homogenitas45,entropi45,asm45,energi45,correlation45,kontras90,dissimilarity90,homogenitas90,entropi90,asm90,energi90,correlation90,kontras135,dissimilarity135,homogenitas135,entropi135,asm135,energi135,correlation135
finger_2,1652.5369127516778,6.480536912751678,0.9745865205802036,0.24022377561881186,0.9087020584658348,0.9087020584658348,0.6180084975265688,2463.223503445791,9.659700013512905,0.9621194060307294,0.2637688076899586,0.8983977735988444,0.8983977735988444,0.41860830778598884,1830.5763253907483,7.178730687806856,0.9718485478825278,0.2436599725099015,0.9075686258125261,0.9075686258125261,0.5673734115622031,2442.7210486014146,9.579298229809469,0.962434702294445,0.2630955316074413,0.8987312929791829,0.8987312929791829,0.4230755281225422
finger_2,1652.5369127516778,6.480536912751678,0.9745865205802036,0.24022377561881186,0.9087020584658348,0.9087020584658348,0.6180084975265688,2463.223503445791,9.659700013512905,0.9621194060307294,0.2637688076899586,0.8983977735988444,0.8983977735988444,0.41860830778598884,1845.220935993874,7.23616053330931,0.9716233362655881,0.2444332136392035,0.9072301214904954,0.9072301214904954,0.5647553067835851,2442.7210486014146,9.579298229809469,0.962434702294445,0.2630955316074413,0.8987312929791829,0.8987312929791829,0.4230755281225422
finger_2,1652.5369127516778,6.480536912751678,0.9745865205802036,0.24022377561881186,0.9087020584658348,0.9087020584658348,0.6180084975265688,2442.7210486014146,9.579298229809469,0.962434702294445,0.2630955316074413,0.8987312929791829,0.8987312929791829,0.4230755281225422,1830.5763253907483,7.178730687806856,0.9718485478825278,0.2436599725099015,0.9075686258125261,0.9075686258125261,0.5673734115622031,2463.223503445791,9.659700013512905,0.9621194060307294,0.2637688076899586,0.8983977735988444,0.8983977735988444,0.41860830778598884
finger_2,1652.5369127516778,6.480536912751678,0.9745865205802036,0.24022377561881186,0.9087020584658348,0.9087020584658348,0.6180084975265688,2442.7210486014146,9.579298229809469,0.962434702294445,0.2630955316074413,0.8987312929791829,0.8987312929791829,0.4230755281225422,1845.220935993874,7.23616053330931,0.9716233362655881,0.2444332136392035,0.9072301214904954,0.9072301214904954,0.5647553067835851,2463.223503445791,9.659700013512905,0.9621194060307294,0.2637688076899586,0.8983977735988444,0.8983977735988444,0.41860830778598884
finger_2,1652.5369127516778,6.480536912751678,0.9745865205802036,0.24022377561881186,0.9087020584658348,0.9087020584658348,0.6180084975265688,2442.7210486014146,9.579298229809469,0.962434702294445,0.2630955316074413,0.8987312929791829,0.8987312929791829,0.4230755281225422,1830.5763253907483,7.178730687806856,0.9718485478825278,0.2436599725099015,0.9075686258125261,0.9075686258125261,0.5673734115622031,2463.223503445791,9.659700013512905,0.9621194060307294,0.2637688076899586,0.8983977735988444,0.8983977735988444,0.41860830778598884
finger_2,1844.5570469798658,7.233557046979866,0.9716335458588893,0.2449265161310235,0.9069916850592316,0.9069916850592316,0.5665610601703771,2442.7210486014146,9.579298229809469,0.962434702294445,0.2630955316074413,0.8987312929791829,0.8987312929791829,0.4230755281225422,1628.4806990676095,6.386198819872979,0.9749564681962968,0.2384943557010996,0.9094616508263162,0.9094616508263162,0.6212447131540928,2463.223503445791,9.659700013512905,0.9621194060307294,0.2637688076899586,0.8983977735988444,0.8983977735988444,0.41860830778598884
finger_2,1844.5570469798658,7.233557046979866,0.9716335458588893,0.2449265161310235,0.9069916850592316,0.9069916850592316,0.5665610601703771,2442.7210486014146,9.579298229809469,0.962434702294445,0.2630955316074413,0.8987312929791829,0.8987312929791829,0.4230755281225422,1619.6939327057341,6.351740912571506,0.9750915951664606,0.23413710292789316,0.9115643497510485,0.9115643497510485,0.6116939609010649,2463.223503445791,9.659700013512905,0.9621194060307294,0.2637688076899586,0.8983977735988444,0.8983977735988444,0.41860830778598884
finger_2,247.2986577181208,0.9697986577181208,0.996196926495277,0.02934529303096155,0.9920589152640772,0.9920589152640772,0.08411597485416904,266.53191297689295,1.045223188144678,0.9959011485716961,0.02995916457506503,0.9917376600035676,0.9917376600035676,0.019451617514040936,234.31376965001576,0.9188775280392775,0.9963966141289635,0.029223199020786062,0.9921844635533515,0.9921844635533515,0.14713062719577796,272.38975721814336,1.0681951263456602,0.9958110639249201,0.03001981382598895,0.9916483205967802,0.9916483205967802,-0.0020988963866571736
finger_2,247.2986577181208,0.9697986577181208,0.996196926495277,0.02934529303096155,0.9920589152640772,0.9920589152640772,0.08411597485416904,266.53191297689295,1.045223188144678,0.9959011485716961,0.02995916457506503,0.9917376600035676,0.9917376600035676,0.019451617514040936,234.31376965001576,0.9188775280392775,0.9963966141289635,0.02885685630861755,0.9922741722150789,0.9922741722150789,0.12862932108760086,272.38975721814336,1.0681951263456602,0.9958110639249201,0.03001981382598895,0.9916483205967802,0.9916483205967802,-0.0020988963866571736
finger_2,247.2986577181208,0.9697986577181208,0.996196926495277,0.02934529303096155,0.9920589152640772,0.9920589152640772,0.08411597485416904,272.38975721814336,1.0681951263456602,0.9958110639249201,0.03001981382598895,0.9916483205967802,0.9916483205967802,-0.0020988963866571736,234.31376965001576,0.9188775280392775,0.9963966141289635,0.029223199020786062,0.9921844635533515,0.9921844635533515,0.14713062719577796,266.53191297689295,1.045223188144678,0.9959011485716961,0.02995916457506503,0.9917376600035676,0.9917376600035676,0.019451617514040936
finger_2,247.2986577181208,0.9697986577181208,0.996196926495277,0.02934529303096155,0.9920589152640772,0.9920589152640772,0.08411597485416904,272.38975721814336,1.0681951263456602,0.9958110639249201,0.03001981382598895,0.9916483205967802,0.9916483205967802,-0.0020988963866571736,234.31376965001576,0.9188775280392775,0.9963966141289635,0.02885685630861755,0.9922741722150789,0.9922741722150789,0.12862932108760086,266.53191297689295,1.045223188144678,0.9959011485716961,0.02995916457506503,0.9917376600035676,0.9917376600035676,0.019451617514040936
finger_2,247.2986577181208,0.9697986577181208,0.996196926495277,0.02934529303096155,0.9920589152640772,0.9920589152640772,0.08411597485416904,272.38975721814336,1.0681951263456602,0.9958110639249201,0.03001981382598895,0.9916483205967802,0.9916483205967802,-0.0020988963866571736,234.31376965001576,0.9188775280392775,0.9963966141289635,0.029223199020786062,0.9921844635533515,0.9921844635533515,0.14713062719577796,266.53191297689295,1.045223188144678,0.9959011485716961,0.02995916457506503,0.9917376600035676,0.9917376600035676,0.019451617514040936
finger_2,238.5704697986577,0.9355704697986577,0.9963311526189731,0.029619062309951292,0.9920584798482551,0.9920584798482551,0.14399493318977583,272.38975721814336,1.0681951263456602,0.9958110639249201,0.03001981382598895,0.9916483205967802,0.9916483205967802,-0.0020988963866571736,248.95838025314174,0.9763073735417324,0.9961714025120237,0.029515372588326948,0.9920057756098473,0.9920057756098473,0.08410315921650999,266.53191297689295,1.045223188144678,0.9959011485716961,0.02995916457506503,0.9917376600035676,0.9917376600035676,0.019451617514040936
finger_2,238.5704697986577,0.9355704697986577,0.9963311526189731,0.029619062309951292,0.9920584798482551,0.9920584798482551,0.14399493318977583,272.38975721814336,1.0681951263456602,0.9958110639249201,0.03001981382598895,0.9916483205967802,0.9916483205967802,-0.0020988963866571736,248.95838025314174,0.9763073735417324,0.9961714025120237,0.029515372588326948,0.9920057756098473,0.9920057756098473,0.08410315921650999,266.53191297689295,1.045223188144678,0.9959011485716961,0.02995916457506503,0.9917376600035676,0.9917376600035676,0.019451617514040936
finger_2,194.9295302013423,0.7644295302013423,0.9970022832374535,0.025684946905850686,0.9933044727714967,0.9933044727714967,0.19126941457022031,213.81131480563937,0.8384757443358407,0.9967119103926793,0.025290528810792908,0.9932603740486402,0.9932603740486402,0.050301125834229375,213.81131480563937,0.8384757443358407,0.9967119103926793,0.025290528810792908,0.9932603740486402,0.9932603740486402,0.050301125834229375,210.8823926850142,0.8269897752353498,0.9967569527160672,0.025001618409910588,0.9933500106853657,0.9933500106853657,0.051007250110997535
finger_2,194.9295302013423,0.7644295302013423,0.9970022832374535,0.025684946905850686,0.9933044727714967,0.9933044727714967,0.19126941457022031,213.81131480563937,0.8384757443358407,0.9967119103926793,0.025290528810792908,0.9932603740486402,0.9932603740486402,0.050301125834229375,199.1667042025134,0.7810458988333858,0.996937122009619,0.02464365105278498,0.9935290465806402,0.9935290465806402,0.10372906954924567,210.8823926850142,0.8269897752353498,0.9967569527160672,0.025001618409910588,0.9933500106853657,0.9933500106853657,0.051007250110997535
finger_2,194.9295302013423,0.7644295302013423,0.9970022832374535,0.025684946905850686,0.9933044727714967,0.9933044727714967,0.19126941457022031,210.8823926850142,0.8269897752353498,0.9967569527160672,0.025001618409910588,0.9933500106853657,0.9933500106853657,0.051007250110997535,213.81131480563937,0.8384757443358407,0.9967119103926793,0.025290528810792908,0.9932603740486402,0.9932603740486402,0.050301125834229375,213.81131480563937,0.8384757443358407,0.9967119103926793,0.025290528810792908,0.9932603740486402,0.9932603740486402,0.050301125834229375
finger_2,194.9295302013423,0.7644295302013423,0.9970022832374535,0.025684946905850686,0.9933044727714967,0.9933044727714967,0.19126941457022031,210.8823926850142,0.8269897752353498,0.9967569527160672,0.025001618409910588,0.9933500106853657,0.9933500106853657,0.051007250110997535,199.1667042025134,0.7810458988333858,0.996937122009619,0.02464365105278498,0.9935290465806402,0.9935290465806402,0.10372906954924567,213.81131480563937,0.8384757443358407,0.9967119103926793,0.025290528810792908,0.9932603740486402,0.9932603740486402,0.050301125834229375
finger_2,194.9295302013423,0.7644295302013423,0.9970022832374535,0.025684946905850686,0.9933044727714967,0.9933044727714967,0.19126941457022031,210.8823926850142,0.8269897752353498,0.9967569527160672,0.025001618409910588,0.9933500106853657,0.9933500106853657,0.051007250110997535,213.81131480563937,0.8384757443358407,0.9967119103926793,0.025290528810792908,0.9932603740486402,0.9932603740486402,0.050301125834229375,213.81131480563937,0.8384757443358407,0.9967119103926793,0.025290528810792908,0.9932603740486402,0.9932603740486402,0.050301125834229375
finger_2,218.20469798657717,0.8557046979865771,0.9966443469075974,0.026516394384966502,0.9929488051088791,0.9929488051088791,0.09470456854863009,210.8823926850142,0.8269897752353498,0.9967569527160672,0.025001618409910588,0.9933500106853657,0.9933500106853657,0.051007250110997535,187.4510157200126,0.735102022431422,0.9971172913031708,0.02495422548662838,0.993528608344008,0.993528608344008,0.1985560218401276,213.81131480563937,0.8384757443358407,0.9967119103926793,0.025290528810792908,0.9932603740486402,0.9932603740486402,0.050301125834229375
finger_2,218.20469798657717,0.8557046979865771,0.9966443469075974,0.026516394384966502,0.9929488051088791,0.9929488051088791,0.09470456854863009,210.8823926850142,0.8269897752353498,0.9967569527160672,0.025001618409910588,0.9933500106853657,0.9933500106853657,0.051007250110997535,178.66424935813703,0.7006441151299491,0.9972524182733348,0.023341098129629482,0.9939771912156743,0.9939771912156743,0.16300748729067918,213.81131480563937,0.8384757443358407,0.9967119103926793,0.025290528810792908,0.9932603740486402,0.9932603740486402,0.050301125834229375
finger_2,256.0268456375839,1.0040268456375838,0.9960627003715808,0.03370464099519762,0.9909014548894194,0.9909014548894194,0.23940550808392994,295.8211341831449,1.1600828791495879,0.9954507253378164,0.03471539037444345,0.9903944444368812,0.9903944444368812,0.10391421430087357,298.75005630377007,1.1715688482500788,0.9954056830144286,0.03498907764767632,0.9903050005431192,0.9903050005431192,0.10296005095822962,322.1814332687717,1.2634566010540067,0.9950453444273248,0.03516920311814101,0.9900377248903844,0.9900377248903844,0.015373512240742772
finger_2,256.0268456375839,1.0040268456375838,0.9960627003715808,0.03370464099519762,0.9909014548894194,0.9909014548894194,0.23940550808392994,295.8211341831449,1.1600828791495879,0.9954507253378164,0.03471539037444345,0.9903944444368812,0.9903944444368812,0.10391421430087357,289.9632899418945,1.1371109409486058,0.9955408099845924,0.03416666731881869,0.990573350484265,0.990573350484265,0.10587289102114258,322.1814332687717,1.2634566010540067,0.9950453444273248,0.03516920311814101,0.9900377248903844,0.9900377248903844,0.015373512240742772
finger_2,256.0268456375839,1.0040268456375838,0.9960627003715808,0.03370464099519762,0.9909014548894194,0.9909014548894194,0.23940550808392994,322.1814332687717,1.2634566010540067,0.9950453444273248,0.03516920311814101,0.9900377248903844,0.9900377248903844,0.015373512240742772,298.75005630377007,1.1715688482500788,0.9954056830144286,0.03498907764767632,0.9903050005431192,0.9903050005431192,0.10296005095822962,295.8211341831449,1.1600828791495879,0.9954507253378164,0.03471539037444345,0.9903944444368812,0.9903944444368812,0.10391421430087357
finger_2,256.0268456375839,1.0040268456375838,0.9960627003715808,0.03370464099519762,0.9909014548894194,0.9909014548894194,0.23940550808392994,322.1814332687717,1.2634566010540067,0.9950453444273248,0.03516920311814101,0.9900377248903844,0.9900377248903844,0.015373512240742772,289.9632899418945,1.1371109409486058,0.9955408099845924,0.03416666731881869,0.990573350484265,0.990573350484265,0.10587289102114258,295.8211341831449,1.1600828791495879,0.9954507253378164,0.03471539037444345,0.9903944444368812,0.9903944444368812,0.10391421430087357
finger_2,256.0268456375839,1.0040268456375838,0.9960627003715808,0.03370464099519762,0.9909014548894194,0.9909014548894194,0.23940550808392994,322.1814332687717,1.2634566010540067,0.9950453444273248,0.03516920311814101,0.9900377248903844,0.9900377248903844,0.015373512240742772,298.75005630377007,1.1715688482500788,0.9954056830144286,0.03498907764767632,0.9903050005431192,0.9903050005431192,0.10296005095822962,295.8211341831449,1.1600828791495879,0.9954507253378164,0.03471539037444345,0.9903944444368812,0.9903944444368812,0.10391421430087357
finger_2,302.57718120805373,1.1865771812080537,0.9953468277118683,0.03533122746118995,0.9901917210936445,0.9901917210936445,0.10111560046282106,322.1814332687717,1.2634566010540067,0.9950453444273248,0.03516920311814101,0.9900377248903844,0.9900377248903844,0.015373512240742772,248.95838025314174,0.9763073735417324,0.9961714025120237,0.03238712864017149,0.9912883660118105,0.9912883660118105,0.21826444711273443,295.8211341831449,1.1600828791495879,0.9954507253378164,0.03471539037444345,0.9903944444368812,0.9903944444368812,0.10391421430087357
finger_2,302.57718120805373,1.1865771812080537,0.9953468277118683,0.03533122746118995,0.9901917210936445,0.9901917210936445,0.10111560046282106,322.1814332687717,1.2634566010540067,0.9950453444273248,0.03516920311814101,0.9900377248903844,0.9900377248903844,0.015373512240742772,257.74514661501735,1.0107652808432053,0.9960362755418599,0.03390004425811583,0.9908405865739703,0.9908405865739703,0.23939222639053606,295.8211341831449,1.1600828791495879,0.9954507253378164,0.03471539037444345,0.9903944444368812,0.9903944444368812,0.10391421430087357
finger_2,232.751677852349,0.912751677852349,0.9964206367014371,0.028690265468257085,0.9923255348858159,0.9923255348858159,0.12864138232183434,243.10053601189136,0.9533354353407504,0.9962614871587997,0.028556532981642943,0.992274613495021,0.992274613495021,0.06554269082265352,237.24269177064096,0.9303634971397685,0.9963515718055757,0.028384185789174253,0.9923640340567403,0.9923640340567403,0.08805973441730267,260.6740687356425,1.0222512499436962,0.9959912332184719,0.02890524178621154,0.9920064491957821,0.9920064491957821,-0.0020084399611261026
finger_2,232.751677852349,0.912751677852349,0.9964206367014371,0.028690265468257085,0.9923255348858159,0.9923255348858159,0.12864138232183434,243.10053601189136,0.9533354353407504,0.9962614871587997,0.028556532981642943,0.992274613495021,0.992274613495021,0.06554269082265352,237.24269177064096,0.9303634971397685,0.9963515718055757,0.028384185789174253,0.9923640340567403,0.9923640340567403,0.08805973441730267,260.6740687356425,1.0222512499436962,0.9959912332184719,0.02890524178621154,0.9920064491957821,0.9920064491957821,-0.0020084399611261026
finger_2,232.751677852349,0.912751677852349,0.9964206367014371,0.028690265468257085,0.9923255348858159,0.9923255348858159,0.12864138232183434,260.6740687356425,1.0222512499436962,0.9959912332184719,0.02890524178621154,0.9920064491957821,0.9920064491957821,-0.0020084399611261026,237.24269177064096,0.9303634971397685,0.9963515718055757,0.028384185789174253,0.9923640340567403,0.9923640340567403,0.08805973441730267,243.10053601189136,0.9533354353407504,0.9962614871587997,0.028556532981642943,0.992274613495021,0.992274613495021,0.06554269082265352
finger_2,232.751677852349,0.912751677852349,0.9964206367014371,0.028690265468257085,0.9923255348858159,0.9923255348858159,0.12864138232183434,260.6740687356425,1.0222512499436962,0.9959912332184719,0.02890524178621154,0.9920064491957821,0.9920064491957821,-0.0020084399611261026,237.24269177064096,0.9303634971397685,0.9963515718055757,0.028384185789174253,0.9923640340567403,0.9923640340567403,0.08805973441730267,243.10053601189136,0.9533354353407504,0.9962614871587997,0.028556532981642943,0.992274613495021,0.992274613495021,0.06554269082265352
finger_2,232.751677852349,0.912751677852349,0.9964206367014371,0.028690265468257085,0.9923255348858159,0.9923255348858159,0.12864138232183434,260.6740687356425,1.0222512499436962,0.9959912332184719,0.02890524178621154,0.9920064491957821,0.9920064491957821,-0.0020084399611261026,237.24269177064096,0.9303634971397685,0.9963515718055757,0.028384185789174253,0.9923640340567403,0.9923640340567403,0.08805973441730267,243.10053601189136,0.9533354353407504,0.9962614871587997,0.028556532981642943,0.992274613495021,0.992274613495021,0.06554269082265352
finger_2,235.66107382550337,0.9241610738255034,0.9963758946602052,0.028220445648849547,0.9924147991331722,0.9924147991331722,0.08807194476893113,260.6740687356425,1.0222512499436962,0.9959912332184719,0.02890524178621154,0.9920064491957821,0.9920064491957821,-0.0020084399611261026,222.59808116751498,0.8729336516373136,0.9965767834225153,0.027714448349745718,0.9926325199323969,0.9926325199323969,0.13464860273994664,243.10053601189136,0.9533354353407504,0.9962614871587997,0.028556532981642943,0.992274613495021,0.992274613495021,0.06554269082265352
finger_2,235.66107382550337,0.9241610738255034,0.9963758946602052,0.028220445648849547,0.9924147991331722,0.9924147991331722,0.08807194476893113,260.6740687356425,1.0222512499436962,0.9959912332184719,0.02890524178621154,0.9920064491957821,0.9920064491957821,-0.0020084399611261026,228.45592540876535,0.8959055898382955,0.9964866987757395,0.02828681147805889,0.9924533339004982,0.9924533339004982,0.13157308780161514,243.10053601189136,0.9533354353407504,0.9962614871587997,0.028556532981642943,0.992274613495021,0.992274613495021,0.06554269082265352
finger_2,328.76174496644296,1.289261744966443,0.9949441493407799,0.03811796434433981,0.9893034517964656,0.9893034517964656,0.10770105344305173,357.32849871627405,1.4012882302598981,0.9945048365466694,0.037885701607237386,0.9890548007016354,0.9890548007016354,-0.00275519421858149,289.9632899418945,1.1371109409486058,0.9955408099845924,0.03559619532700273,0.9902148729190559,0.9902148729190559,0.16583160599788663,330.96819963064723,1.2979145083554793,0.994910217457161,0.037214550069909924,0.989500693287309,0.989500693287309,0.0635638179238453
finger_2,328.76174496644296,1.289261744966443,0.9949441493407799,0.03811796434433981,0.9893034517964656,0.9893034517964656,0.10770105344305173,357.32849871627405,1.4012882302598981,0.9945048365466694,0.037885701607237386,0.9890548007016354,0.9890548007016354,-0.00275519421858149,304.6079005450205,1.1945407864510609,0.9953155983676527,0.036964612779016366,0.9897677346051779,0.9897677346051779,0.1589415263387402,330.96819963064723,1.2979145083554793,0.994910217457161,0.037214550069909924,0.989500693287309,0.989500693287309,0.0635638179238453
finger_2,328.76174496644296,1.289261744966443,0.9949441493407799,0.03811796434433981,0.9893034517964656,0.9893034517964656,0.10770105344305173,330.96819963064723,1.2979145083554793,0.994910217457161,0.037214550069909924,0.989500693287309,0.989500693287309,0.0635638179238453,289.9632899418945,1.1371109409486058,0.9955408099845924,0.03559619532700273,0.9902148729190559,0.9902148729190559,0.16583160599788663,357.32849871627405,1.4012882302598981,0.9945048365466694,0.037885701607237386,0.9890548007016354,0.9890548007016354,-0.00275519421858149
finger_2,328.76174496644296,1.289261744966443,0.9949441493407799,0.03811796434433981,0.9893034517964656,0.9893034517964656,0.10770105344305173,330.96819963064723,1.2979145083554793,0.994910217457161,0.037214550069909924,0.989500693287309,0.989500693287309,0.0635638179238453,304.6079005450205,1.1945407864510609,0.9953155983676527,0.036964612779016366,0.9897677346051779,0.9897677346051779,0.1589415263387402,357.32849871627405,1.4012882302598981,0.9945048365466694,0.037885701607237386,0.9890548007016354,0.9890548007016354,-0.00275519421858149
finger_2,328.76174496644296,1.289261744966443,0.9949441493407799,0.03811796434433981,0.9893034517964656,0.9893034517964656,0.10770105344305173,330.96819963064723,1.2979145083554793,0.994910217457161,0.037214550069909924,0.989500693287309,0.989500693287309,0.0635638179238453,289.9632899418945,1.1371109409486058,0.9955408099845924,0.03559619532700273,0.9902148729190559,0.9902148729190559,0.16583160599788663,357.32849871627405,1.4012882302598981,0.9945048365466694,0.037885701607237386,0.9890548007016354,0.9890548007016354,-0.00275519421858149
finger_2,320.03355704697987,1.25503355704698,0.9950783754644761,0.03871376927913829,0.9892139232967485,0.9892139232967485,0.16419852809187827,330.96819963064723,1.2979145083554793,0.994910217457161,0.037214550069909924,0.989500693287309,0.989500693287309,0.0635638179238453,325.1103553893969,1.2749425701544976,0.995000302103937,0.037432796880270576,0.9895002793971563,0.9895002793971563,0.0950541439287416,357.32849871627405,1.4012882302598981,0.9945048365466694,0.037885701607237386,0.9890548007016354,0.9890548007016354,-0.00275519421858149
finger_2,320.03355704697987,1.25503355704698,0.9950783754644761,0.03871376927913829,0.9892139232967485,0.9892139232967485,0.16419852809187827,330.96819963064723,1.2979145083554793,0.994910217457161,0.037214550069909924,0.989500693287309,0.989500693287309,0.0635638179238453,316.3235890275213,1.2404846628530246,0.9951354290741008,0.03662203198617365,0.989768464999565,0.989768464999565,0.0975610857685086,357.32849871627405,1.4012882302598981,0.9945048365466694,0.037885701607237386,0.9890548007016354,0.9890548007016354,-0.00275519421858149
finger_2,296.7583892617449,1.163758389261745,0.9954363117943323,0.03620939496212914,0.9900133547537899,0.9900133547537899,0.161646302042669,322.1814332687717,1.2634566010540067,0.9950453444273248,0.035602362133513095,0.989948097383589,0.989948097383589,0.032603976523582504,304.6079005450205,1.1945407864510609,0.9953155983676526,0.0351612873914679,0.9902157504067571,0.9902157504067571,0.08537103234968797,333.8971217512725,1.3094004774559704,0.9948651751337731,0.0357505842726099,0.9897697431897424,0.9897697431897424,-0.002574060693675496
finger_2,296.7583892617449,1.163758389261745,0.9954363117943323,0.03620939496212914,0.9900133547537899,0.9900133547537899,0.161646302042669,322.1814332687717,1.2634566010540067,0.9950453444273248,0.035602362133513095,0.989948097383589,0.989948097383589,0.032603976523582504,304.6079005450205,1.1945407864510609,0.9953155983676526,0.0351612873914679,0.9902157504067571,0.9902157504067571,0.08537103234968797,333.8971217512725,1.3094004774559704,0.9948651751337731,0.0357505842726099,0.9897697431897424,0.9897697431897424,-0.002574060693675496
finger_2,296.7583892617449,1.163758389261745,0.9954363117943323,0.03620939496212914,0.9900133547537899,0.9900133547537899,0.161646302042669,333.8971217512725,1.3094004774559704,0.9948651751337731,0.0357505842726099,0.9897697431897424,0.9897697431897424,-0.002574060693675496,304.6079005450205,1.1945407864510609,0.9953155983676526,0.0351612873914679,0.9902157504067571,0.9902157504067571,0.08537103234968797,322.1814332687717,1.2634566010540067,0.9950453444273248,0.035602362133513095,0.989948097383589,0.989948097383589,0.032603976523582504
finger_2,296.7583892617449,1.163758389261745,0.9954363117943323,0.03620939496212914,0.9900133547537899,0.9900133547537899,0.161646302042669,333.8971217512725,1.3094004774559704,0.9948651751337731,0.0357505842726099,0.9897697431897424,0.9897697431897424,-0.002574060693675496,304.6079005450205,1.1945407864510609,0.9953155983676526,0.0351612873914679,0.9902157504067571,0.9902157504067571,0.08537103234968797,322.1814332687717,1.2634566010540067,0.9950453444273248,0.035602362133513095,0.989948097383589,0.989948097383589,0.032603976523582504
finger_2,296.7583892617449,1.163758389261745,0.9954363117943323,0.03620939496212914,0.9900133547537899,0.9900133547537899,0.161646302042669,333.8971217512725,1.3094004774559704,0.9948651751337731,0.0357505842726099,0.9897697431897424,0.9897697431897424,-0.002574060693675496,304.6079005450205,1.1945407864510609,0.9953155983676526,0.0351612873914679,0.9902157504067571,0.9902157504067571,0.08537103234968797,322.1814332687717,1.2634566010540067,0.9950453444273248,0.035602362133513095,0.989948097383589,0.989948097383589,0.032603976523582504
finger_2,314.2147651006711,1.232214765100671,0.9951678595469401,0.036040452421126926,0.9899254307864009,0.9899254307864009,0.0823232603567159,333.8971217512725,1.3094004774559704,0.9948651751337731,0.0357505842726099,0.9897697431897424,0.9897697431897424,-0.002574060693675496,287.0343678212693,1.1256249718481148,0.9955858523079804,0.035321158689452264,0.9903043188416912,0.9903043188416912,0.1672785365337616,322.1814332687717,1.2634566010540067,0.9950453444273248,0.035602362133513095,0.989948097383589,0.989948097383589,0.032603976523582504
finger_2,314.2147651006711,1.232214765100671,0.9951678595469401,0.036040452421126926,0.9899254307864009,0.9899254307864009,0.0823232603567159,333.8971217512725,1.3094004774559704,0.9948651751337731,0.0357505842726099,0.9897697431897424,0.9897697431897424,-0.002574060693675496,275.3186793387685,1.079681095446151,0.9957660216015322,0.03351294833924895,0.9908414265275155,0.9908414265275155,0.14333226603611182,322.1814332687717,1.2634566010540067,0.9950453444273248,0.035602362133513095,0.989948097383589,0.989948097383589,0.032603976523582504
finger_2,322.9429530201342,1.2664429530201342,0.995033633423244,0.0379402146807561,0.9893920403985806,0.9893920403985806,0.12349395515198493,342.6838881131481,1.3438583847574435,0.9947300481636092,0.0374828745449123,0.9893223877864212,0.9893223877864212,0.030415634487581784,263.60299085626775,1.0337372190441874,0.995946190895084,0.034459278007773195,0.9906616115448944,0.9906616115448944,0.23525579885753542,328.03927751002203,1.2864285392549886,0.994955259780549,0.03694551585816255,0.9895900783437453,0.9895900783437453,0.06413742227842903
finger_2,322.9429530201342,1.2664429530201342,0.995033633423244,0.0379402146807561,0.9893920403985806,0.9893920403985806,0.12349395515198493,342.6838881131481,1.3438583847574435,0.9947300481636092,0.0374828745449123,0.9893223877864212,0.9893223877864212,0.030415634487581784,278.2476014593937,1.091167064546642,0.9957209792781442,0.03584866233544199,0.9902142804880529,0.9902142804880529,0.22549678984900254,328.03927751002203,1.2864285392549886,0.994955259780549,0.03694551585816255,0.9895900783437453,0.9895900783437453,0.06413742227842903
finger_2,322.9429530201342,1.2664429530201342,0.995033633423244,0.0379402146807561,0.9893920403985806,0.9893920403985806,0.12349395515198493,328.03927751002203,1.2864285392549886,0.994955259780549,0.03694551585816255,0.9895900783437453,0.9895900783437453,0.06413742227842903,263.60299085626775,1.0337372190441874,0.995946190895084,0.034459278007773195,0.9906616115448944,0.9906616115448944,0.23525579885753542,342.6838881131481,1.3438583847574435,0.9947300481636092,0.0374828745449123,0.9893223877864212,0.9893223877864212,0.030415634487581784
finger_2,322.9429530201342,1.2664429530201342,0.995033633423244,0.0379402146807561,0.9893920403985806,0.9893920403985806,0.12349395515198493,328.03927751002203,1.2864285392549886,0.994955259780549,0.03694551585816255,0.9895900783437453,0.9895900783437453,0.06413742227842903,278.2476014593937,1.091167064546642,0.9957209792781442,0.03584866233544199,0.9902142804880529,0.9902142804880529,0.22549678984900254,342.6838881131481,1.3438583847574435,0.9947300481636092,0.0374828745449123,0.9893223877864212,0.9893223877864212,0.030415634487581784
finger_2,322.9429530201342,1.2664429530201342,0.995033633423244,0.0379402146807561,0.9893920403985806,0.9893920403985806,0.12349395515198493,328.03927751002203,1.2864285392549886,0.994955259780549,0.03694551585816255,0.9895900783437453,0.9895900783437453,0.06413742227842903,263.60299085626775,1.0337372190441874,0.995946190895084,0.034459278007773195,0.9906616115448944,0.9906616115448944,0.23525579885753542,342.6838881131481,1.3438583847574435,0.9947300481636092,0.0374828745449123,0.9893223877864212,0.9893223877864212,0.030415634487581784
finger_2,293.84899328859063,1.1523489932885906,0.9954810538355644,0.037612968876481544,0.9896572857078509,0.9896572857078509,0.22674148447073963,328.03927751002203,1.2864285392549886,0.994955259780549,0.03694551585816255,0.9895900783437453,0.9895900783437453,0.06413742227842903,313.3946669068961,1.2289986937525337,0.9951804713974888,0.03635094387955188,0.9898578723736076,0.9898578723736076,0.09842405900772591,342.6838881131481,1.3438583847574435,0.9947300481636092,0.0374828745449123,0.9893223877864212,0.9893223877864212,0.030415634487581784
finger_2,293.84899328859063,1.1523489932885906,0.9954810538355644,0.037612968876481544,0.9896572857078509,0.9896572857078509,0.22674148447073963,328.03927751002203,1.2864285392549886,0.994955259780549,0.03694551585816255,0.9895900783437453,0.9895900783437453,0.06413742227842903,316.3235890275213,1.2404846628530246,0.9951354290741008,0.03698831763155107,0.9896788699547421,0.9896788699547421,0.11231507397043812,342.6838881131481,1.3438583847574435,0.9947300481636092,0.0374828745449123,0.9893223877864212,0.9893223877864212,0.030415634487581784
finger_2,1419.785234899329,5.567785234899329,0.9781658838787666,0.17733488839426514,0.9371257470884696,0.9371257470884696,0.4740782916831631,2012.1694968695103,7.890860772037295,0.9690559238324745,0.1921946086755966,0.9293888822016096,0.9293888822016096,0.23827165663807268,1572.831178775731,6.167965406963651,0.9758122723406679,0.1803777306032455,0.9356864886864213,0.9356864886864213,0.4058507267564967,2035.6008738345117,7.982748524841223,0.9686955852453709,0.19273977693378874,0.9290509692961453,0.9290509692961453,0.22940145758873928
finger_2,1419.785234899329,5.567785234899329,0.9781658838787666,0.17733488839426514,0.9371257470884696,0.9371257470884696,0.4740782916831631,2012.1694968695103,7.890860772037295,0.9690559238324745,0.1921946086755966,0.9293888822016096,0.9293888822016096,0.23827165663807268,1572.831178775731,6.167965406963651,0.9758122723406678,0.17995279351135407,0.9358591863815142,0.9358591863815142,0.40331955177059153,2035.6008738345117,7.982748524841223,0.9686955852453709,0.19273977693378874,0.9290509692961453,0.9290509692961453,0.22940145758873928
finger_2,1419.785234899329,5.567785234899329,0.9781658838787666,0.17733488839426514,0.9371257470884696,0.9371257470884696,0.4740782916831631,2035.6008738345117,7.982748524841223,0.9686955852453709,0.19273977693378874,0.9290509692961453,0.9290509692961453,0.22940145758873928,1572.831178775731,6.167965406963651,0.9758122723406679,0.1803777306032455,0.9356864886864213,0.9356864886864213,0.4058507267564967,2012.1694968695103,7.890860772037295,0.9690559238324745,0.1921946086755966,0.9293888822016096,0.9293888822016096,0.23827165663807268
finger_2,1419.785234899329,5.567785234899329,0.9781658838787666,0.17733488839426514,0.9371257470884696,0.9371257470884696,0.4740782916831631,2035.6008738345117,7.982748524841223,0.9686955852453709,0.19273977693378874,0.9290509692961453,0.9290509692961453,0.22940145758873928,1572.831178775731,6.167965406963651,0.9758122723406678,0.17995279351135407,0.9358591863815142,0.9358591863815142,0.40331955177059153,2012.1694968695103,7.890860772037295,0.9690559238324745,0.1921946086755966,0.9293888822016096,0.9293888822016096,0.23827165663807268
finger_2,1419.785234899329,5.567785234899329,0.9781658838787666,0.17733488839426514,0.9371257470884696,0.9371257470884696,0.4740782916831631,2035.6008738345117,7.982748524841223,0.9686955852453709,0.19273977693378874,0.9290509692961453,0.9290509692961453,0.22940145758873928,1572.831178775731,6.167965406963651,0.9758122723406679,0.1803777306032455,0.9356864886864213,0.9356864886864213,0.4058507267564967,2012.1694968695103,7.890860772037295,0.9690559238324745,0.1921946086755966,0.9293888822016096,0.9293888822016096,0.23827165663807268
finger_2,1588.5302013422818,6.229530201342282,0.9755708454873084,0.18179337781581328,0.9350792767092573,0.9350792767092573,0.4054338699082691,2035.6008738345117,7.982748524841223,0.9686955852453709,0.19273977693378874,0.9290509692961453,0.9290509692961453,0.22940145758873928,1405.8826179000946,5.513265168235665,0.9783796847737813,0.17627941553695914,0.9375752855282593,0.9375752855282593,0.47613637302130063,2012.1694968695103,7.890860772037295,0.9690559238324745,0.1921946086755966,0.9293888822016096,0.9293888822016096,0.23827165663807268
finger_2,1588.5302013422818,6.229530201342282,0.9755708454873084,0.18179337781581328,0.9350792767092573,0.9350792767092573,0.4054338699082691,2035.6008738345117,7.982748524841223,0.9686955852453709,0.19273977693378874,0.9290509692961453,0.9290509692961453,0.22940145758873928,1382.451240935093,5.421377415431738,0.978740023360885,0.17239168905127975,0.939215410471065,0.939215410471065,0.46817712501334496,2012.1694968695103,7.890860772037295,0.9690559238324745,0.1921946086755966,0.9293888822016096,0.9293888822016096,0.23827165663807268
finger_2,241.4798657718121,0.9469798657718121,0.996286410577741,0.030258314523286686,0.9918804248056895,0.9918804248056895,0.15975521679427185,263.60299085626775,1.0337372190441874,0.995946190895084,0.030523106656304918,0.9916477819309196,0.9916477819309196,0.060468672414547814,237.24269177064096,0.9303634971397685,0.9963515718055757,0.02950736820175325,0.9920948958983185,0.9920948958983185,0.1455402674877389,281.1765235800189,1.102653033647133,0.9956759369547563,0.03085061644332342,0.9913797880570379,0.9913797880570379,-0.002166749424420905
finger_2,241.4798657718121,0.9469798657718121,0.996286410577741,0.030258314523286686,0.9918804248056895,0.9918804248056895,0.15975521679427185,263.60299085626775,1.0337372190441874,0.995946190895084,0.030523106656304918,0.9916477819309196,0.9916477819309196,0.060468672414547814,243.10053601189136,0.9533354353407504,0.9962614871587997,0.030074038932572766,0.9919157788481117,0.9919157788481117,0.14245651918456223,281.1765235800189,1.102653033647133,0.9956759369547563,0.03085061644332342,0.9913797880570379,0.9913797880570379,-0.002166749424420905
finger_2,241.4798657718121,0.9469798657718121,0.996286410577741,0.030258314523286686,0.9918804248056895,0.9918804248056895,0.15975521679427185,281.1765235800189,1.102653033647133,0.9956759369547563,0.03085061644332342,0.9913797880570379,0.9913797880570379,-0.002166749424420905,237.24269177064096,0.9303634971397685,0.9963515718055757,0.02950736820175325,0.9920948958983185,0.9920948958983185,0.1455402674877389,263.60299085626775,1.0337372190441874,0.995946190895084,0.030523106656304918,0.9916477819309196,0.9916477819309196,0.060468672414547814
finger_2,241.4798657718121,0.9469798657718121,0.996286410577741,0.030258314523286686,0.9918804248056895,0.9918804248056895,0.15975521679427185,281.1765235800189,1.102653033647133,0.9956759369547563,0.03085061644332342,0.9913797880570379,0.9913797880570379,-0.002166749424420905,243.10053601189136,0.9533354353407504,0.9962614871587997,0.030074038932572766,0.9919157788481117,0.9919157788481117,0.14245651918456223,263.60299085626775,1.0337372190441874,0.995946190895084,0.030523106656304918,0.9916477819309196,0.9916477819309196,0.060468672414547814
finger_2,241.4798657718121,0.9469798657718121,0.996286410577741,0.030258314523286686,0.9918804248056895,0.9918804248056895,0.15975521679427185,281.1765235800189,1.102653033647133,0.9956759369547563,0.03085061644332342,0.9913797880570379,0.9913797880570379,-0.002166749424420905,237.24269177064096,0.9303634971397685,0.9963515718055757,0.02950736820175325,0.9920948958983185,0.9920948958983185,0.1455402674877389,263.60299085626775,1.0337372190441874,0.995946190895084,0.030523106656304918,0.9916477819309196,0.9916477819309196,0.060468672414547814
finger_2,241.4798657718121,0.9469798657718121,0.996286410577741,0.02990053542384035,0.9919695178895844,0.9919695178895844,0.14246903553021315,281.1765235800189,1.102653033647133,0.9956759369547563,0.03085061644332342,0.9913797880570379,0.9913797880570379,-0.002166749424420905,243.10053601189136,0.9533354353407504,0.9962614871587997,0.030433916712747533,0.9918260904751173,0.9918260904751173,0.15974269932243634,263.60299085626775,1.0337372190441874,0.995946190895084,0.030523106656304918,0.9916477819309196,0.9916477819309196,0.060468672414547814
finger_2,241.4798657718121,0.9469798657718121,0.996286410577741,0.02990053542384035,0.9919695178895844,0.9919695178895844,0.14246903553021315,281.1765235800189,1.102653033647133,0.9956759369547563,0.03085061644332342,0.9913797880570379,0.9913797880570379,-0.002166749424420905,231.38484752939058,0.9073915589387865,0.9964416564523515,0.02893846475059931,0.9922740372950045,0.9922740372950045,0.14875470091876491,263.60299085626775,1.0337372190441874,0.995946190895084,0.030523106656304918,0.9916477819309196,0.9916477819309196,0.060468672414547814
finger_2,276.39261744966444,1.0838926174496644,0.9957495060829565,0.03429480371707244,0.9906353317418133,0.9906353317418133,0.17178228201134016,304.6079005450205,1.1945407864510609,0.9953155983676526,0.0339744840503374,0.9904846572736231,0.9904846572736231,0.03468908923370101,281.1765235800189,1.102653033647133,0.9956759369547562,0.03296628873031812,0.9909314070582647,0.9909314070582647,0.09217238406468582,301.6789784243953,1.18305481735057,0.9953606406910406,0.03370167162277618,0.9905741052251317,0.9905741052251317,0.03505785868539829
finger_2,276.39261744966444,1.0838926174496644,0.9957495060829565,0.03429480371707244,0.9906353317418133,0.9906353317418133,0.17178228201134016,304.6079005450205,1.1945407864510609,0.9953155983676526,0.0339744840503374,0.9904846572736231,0.9904846572736231,0.03468908923370101,295.8211341831449,1.1600828791495879,0.9954507253378165,0.033958630144563746,0.9905737156814586,0.9905737156814586,0.07111422539280807,301.6789784243953,1.18305481735057,0.9953606406910406,0.03370167162277618,0.9905741052251317,0.9905741052251317,0.03505785868539829
finger_2,276.39261744966444,1.0838926174496644,0.9957495060829565,0.03429480371707244,0.9906353317418133,0.9906353317418133,0.17178228201134016,301.6789784243953,1.18305481735057,0.9953606406910406,0.03370167162277618,0.9905741052251317,0.9905741052251317,0.03505785868539829,281.1765235800189,1.102653033647133,0.9956759369547562,0.03296628873031812,0.9909314070582647,0.9909314070582647,0.09217238406468582,304.6079005450205,1.1945407864510609,0.9953155983676526,0.0339744840503374,0.9904846572736231,0.9904846572736231,0.03468908923370101
finger_2,276.39261744966444,1.0838926174496644,0.9957495060829565,0.03429480371707244,0.9906353317418133,0.9906353317418133,0.17178228201134016,301.6789784243953,1.18305481735057,0.9953606406910406,0.03370167162277618,0.9905741052251317,0.9905741052251317,0.03505785868539829,295.8211341831449,1.1600828791495879,0.9954507253378165,0.033958630144563746,0.9905737156814586,0.9905737156814586,0.07111422539280807,304.6079005450205,1.1945407864510609,0.9953155983676526,0.0339744840503374,0.9904846572736231,0.9904846572736231,0.03468908923370101
finger_2,276.39261744966444,1.0838926174496644,0.9957495060829565,0.03429480371707244,0.9906353317418133,0.9906353317418133,0.17178228201134016,301.6789784243953,1.18305481735057,0.9953606406910406,0.03370167162277618,0.9905741052251317,0.9905741052251317,0.03505785868539829,281.1765235800189,1.102653033647133,0.9956759369547562,0.03296628873031812,0.9909314070582647,0.9909314070582647,0.09217238406468582,304.6079005450205,1.1945407864510609,0.9953155983676526,0.0339744840503374,0.9904846572736231,0.9904846572736231,0.03468908923370101
finger_2,302.57718120805373,1.1865771812080537,0.9953468277118682,0.03495958079555939,0.9902807461125374,0.9902807461125374,0.08538672748345139,301.6789784243953,1.18305481735057,0.9953606406910406,0.03370167162277618,0.9905741052251317,0.9905741052251317,0.03505785868539829,263.60299085626775,1.0337372190441874,0.995946190895084,0.03204055556368042,0.9912890609009148,0.9912890609009148,0.1325836901822006,304.6079005450205,1.1945407864510609,0.9953155983676526,0.0339744840503374,0.9904846572736231,0.9904846572736231,0.03468908923370101
finger_2,302.57718120805373,1.1865771812080537,0.9953468277118682,0.03495958079555939,0.9902807461125374,0.9902807461125374,0.08538672748345139,301.6789784243953,1.18305481735057,0.9953606406910406,0.03370167162277618,0.9905741052251317,0.9905741052251317,0.03505785868539829,266.53191297689295,1.045223188144678,0.995901148571696,0.03338270303675969,0.9909306107254954,0.9909306107254954,0.17812558669616485,304.6079005450205,1.1945407864510609,0.9953155983676526,0.0339744840503374,0.9904846572736231,0.9904846572736231,0.03468908923370101
finger_2,235.66107382550337,0.9241610738255034,0.9963758946602052,0.03039418816807543,0.9918801685609757,0.9918801685609757,0.1962036177607725,272.38975721814336,1.0681951263456602,0.9958110639249201,0.03094864607665635,0.991468919504312,0.991468919504312,0.03913802752008792,240.17161389126616,0.9418494662402594,0.9963065294821877,0.03015085906233437,0.991915641899164,0.991915641899164,0.16141445744053787,272.38975721814336,1.0681951263456602,0.9958110639249201,0.03094864607665635,0.991468919504312,0.991468919504312,0.03913802752008792
finger_2,235.66107382550337,0.9241610738255034,0.9963758946602052,0.03039418816807543,0.9918801685609757,0.9918801685609757,0.1962036177607725,272.38975721814336,1.0681951263456602,0.9958110639249201,0.03094864607665635,0.991468919504312,0.991468919504312,0.03913802752008792,246.02945813251657,0.9648214044412414,0.9962164448354117,0.029990219318720146,0.991915921883679,0.991915921883679,0.1231040942535684,272.38975721814336,1.0681951263456602,0.9958110639249201,0.03094864607665635,0.991468919504312,0.991468919504312,0.03913802752008792
finger_2,235.66107382550337,0.9241610738255034,0.9963758946602052,0.03039418816807543,0.9918801685609757,0.9918801685609757,0.1962036177607725,272.38975721814336,1.0681951263456602,0.9958110639249201,0.03094864607665635,0.991468919504312,0.991468919504312,0.03913802752008792,240.17161389126616,0.9418494662402594,0.9963065294821877,0.03015085906233437,0.991915641899164,0.991915641899164,0.16141445744053787,272.38975721814336,1.0681951263456602,0.9958110639249201,0.03094864607665635,0.991468919504312,0.991468919504312,0.03913802752008792
finger_2,235.66107382550337,0.9241610738255034,0.9963758946602052,0.03039418816807543,0.9918801685609757,0.9918801685609757,0.1962036177607725,272.38975721814336,1.0681951263456602,0.9958110639249201,0.03094864607665635,0.991468919504312,0.991468919504312,0.03913802752008792,246.02945813251657,0.9648214044412414,0.9962164448354117,0.029990219318720146,0.991915921883679,0.991915921883679,0.1231040942535684,272.38975721814336,1.0681951263456602,0.9958110639249201,0.03094864607665635,0.991468919504312,0.991468919504312,0.03913802752008792
finger_2,235.66107382550337,0.9241610738255034,0.9963758946602052,0.03039418816807543,0.9918801685609757,0.9918801685609757,0.1962036177607725,272.38975721814336,1.0681951263456602,0.9958110639249201,0.03094864607665635,0.991468919504312,0.991468919504312,0.03913802752008792,240.17161389126616,0.9418494662402594,0.9963065294821877,0.03015085906233437,0.991915641899164,0.991915641899164,0.16141445744053787,272.38975721814336,1.0681951263456602,0.9958110639249201,0.03094864607665635,0.991468919504312,0.991468919504312,0.03913802752008792
finger_2,250.20805369127518,0.9812080536912752,0.996152184454045,0.03145167036321762,0.9915245139107849,0.9915245139107849,0.17114849900304335,272.38975721814336,1.0681951263456602,0.9958110639249201,0.03094864607665635,0.991468919504312,0.991468919504312,0.03913802752008792,231.38484752939058,0.9073915589387865,0.9964416564523515,0.029298350678747618,0.9921843326910239,0.9921843326910239,0.1666380386608961,272.38975721814336,1.0681951263456602,0.9958110639249201,0.03094864607665635,0.991468919504312,0.991468919504312,0.03913802752008792
finger_2,250.20805369127518,0.9812080536912752,0.996152184454045,0.03145167036321762,0.9915245139107849,0.9915245139107849,0.17114849900304335,272.38975721814336,1.0681951263456602,0.9958110639249201,0.03094864607665635,0.991468919504312,0.991468919504312,0.03913802752008792,231.38484752939058,0.9073915589387865,0.9964416564523515,0.030001811031998935,0.9920049478295418,0.9920049478295418,0.20023702706591257,272.38975721814336,1.0681951263456602,0.9958110639249201,0.03094864607665635,0.991468919504312,0.991468919504312,0.03913802752008792
finger_2,2586.453020134228,10.142953020134229,0.9602243253447201,0.826211110365392,0.49422430721338884,0.49422430721338884,0.9149318754028158,3819.314445295257,14.977703707040224,0.941264810302106,0.8809952961156783,0.47782339331935964,0.47782339331935964,0.8741972684731367,1739.7797396513672,6.822665645691636,0.9732448599075544,0.7818739870893634,0.5071858766331702,0.5071858766331702,0.9426799118492329,3816.385523174632,14.966217737939733,0.9413098526254939,0.8808594341394596,0.47787473903033906,0.47787473903033906,0.8742906218449176
finger_2,2586.453020134228,10.142953020134229,0.9602243253447201,0.826211110365392,0.49422430721338884,0.49422430721338884,0.9149318754028158,3819.314445295257,14.977703707040224,0.941264810302106,0.8809952961156783,0.47782339331935964,0.47782339331935964,0.8741972684731367,1742.7086617719922,6.834151614792126,0.9731998175841665,0.7822660107116803,0.5069229985633081,0.5069229985633081,0.9426104926072522,3816.385523174632,14.966217737939733,0.9413098526254939,0.8808594341394596,0.47787473903033906,0.47787473903033906,0.8742906218449176
finger_2,2586.453020134228,10.142953020134229,0.9602243253447201,0.826211110365392,0.49422430721338884,0.49422430721338884,0.9149318754028158,3816.385523174632,14.966217737939733,0.9413098526254939,0.8808594341394596,0.47787473903033906,0.47787473903033906,0.8742906218449176,1739.7797396513672,6.822665645691636,0.9732448599075544,0.7818739870893634,0.5071858766331702,0.5071858766331702,0.9426799118492329,3819.314445295257,14.977703707040224,0.941264810302106,0.8809952961156783,0.47782339331935964,0.47782339331935964,0.8741972684731367
finger_2,2586.453020134228,10.142953020134229,0.9602243253447201,0.826211110365392,0.49422430721338884,0.49422430721338884,0.9149318754028158,3816.385523174632,14.966217737939733,0.9413098526254939,0.8808594341394596,0.47787473903033906,0.47787473903033906,0.8742906218449176,1742.7086617719922,6.834151614792126,0.9731998175841665,0.7822660107116803,0.5069229985633081,0.5069229985633081,0.9426104926072522,3819.314445295257,14.977703707040224,0.941264810302106,0.8809952961156783,0.47782339331935964,0.47782339331935964,0.8741972684731367
finger_2,2586.453020134228,10.142953020134229,0.9602243253447201,0.826211110365392,0.49422430721338884,0.49422430721338884,0.9149318754028158,3816.385523174632,14.966217737939733,0.9413098526254939,0.8808594341394596,0.47787473903033906,0.47787473903033906,0.8742906218449176,1739.7797396513672,6.822665645691636,0.9732448599075544,0.7818739870893634,0.5071858766331702,0.5071858766331702,0.9426799118492329,3819.314445295257,14.977703707040224,0.941264810302106,0.8809952961156783,0.47782339331935964,0.47782339331935964,0.8741972684731367
finger_2,1748.5469798657718,6.857046979865771,0.9731100332195466,0.7837279983821481,0.5057518039727941,0.5057518039727941,0.9425518540956216,3816.385523174632,14.966217737939733,0.9413098526254939,0.8808594341394596,0.47787473903033906,0.47787473903033906,0.8742906218449176,2577.4514661501735,10.107652808432054,0.9603627554185992,0.8265784413868426,0.49359850810129413,0.49359850810129413,0.9153642770403064,3819.314445295257,14.977703707040224,0.941264810302106,0.8809952961156783,0.47782339331935964,0.47782339331935964,0.8741972684731367
finger_2,1748.5469798657718,6.857046979865771,0.9731100332195466,0.7837279983821481,0.5057518039727941,0.5057518039727941,0.9425518540956216,3816.385523174632,14.966217737939733,0.9413098526254939,0.8808594341394596,0.47787473903033906,0.47787473903033906,0.8742906218449176,2603.8117652358,10.21102653033647,0.9599573745081076,0.8247223813255709,0.49615819044758125,0.49615819044758125,0.9139598910979321,3819.314445295257,14.977703707040224,0.941264810302106,0.8809952961156783,0.47782339331935964,0.47782339331935964,0.8741972684731367
finger_2,2083.1275167785234,8.169127516778524,0.9679646984778624,0.4633682368899073,0.7794695494196959,0.7794695494196959,0.8309643633803314,3508.8487005089864,13.760190982388181,0.9460392965812293,0.518536583634009,0.7598701241916561,0.7598701241916561,0.71461032816939,1927.2307553713797,7.5577676681230574,0.9703621512107253,0.455151042338293,0.7825863147979805,0.7825863147979805,0.8428958067428849,3526.422233232737,13.829106796991127,0.9457690426409016,0.5191494335793037,0.7596291062171392,0.7596291062171392,0.7131809975926089
finger_2,2083.1275167785234,8.169127516778524,0.9679646984778624,0.4633682368899073,0.7794695494196959,0.7794695494196959,0.8309643633803314,3508.8487005089864,13.760190982388181,0.9460392965812293,0.518536583634009,0.7598701241916561,0.7598701241916561,0.71461032816939,1944.804288095131,7.626683482726003,0.9700918972703976,0.45717369593150503,0.7814796820887826,0.7814796820887826,0.8421764012530073,3526.422233232737,13.829106796991127,0.9457690426409016,0.5191494335793037,0.7596291062171392,0.7596291062171392,0.7131809975926089
finger_2,2083.1275167785234,8.169127516778524,0.9679646984778624,0.4633682368899073,0.7794695494196959,0.7794695494196959,0.8309643633803314,3526.422233232737,13.829106796991127,0.9457690426409016,0.5191494335793037,0.7596291062171392,0.7596291062171392,0.7131809975926089,1927.2307553713797,7.5577676681230574,0.9703621512107253,0.455151042338293,0.7825863147979805,0.7825863147979805,0.8428958067428849,3508.8487005089864,13.760190982388181,0.9460392965812293,0.518536583634009,0.7598701241916561,0.7598701241916561,0.71461032816939
finger_2,2083.1275167785234,8.169127516778524,0.9679646984778624,0.4633682368899073,0.7794695494196959,0.7794695494196959,0.8309643633803314,3526.422233232737,13.829106796991127,0.9457690426409016,0.5191494335793037,0.7596291062171392,0.7596291062171392,0.7131809975926089,1944.804288095131,7.626683482726003,0.9700918972703976,0.45717369593150503,0.7814796820887826,0.7814796820887826,0.8421764012530073,3508.8487005089864,13.760190982388181,0.9460392965812293,0.518536583634009,0.7598701241916561,0.7598701241916561,0.71461032816939
finger_2,2083.1275167785234,8.169127516778524,0.9679646984778624,0.4633682368899073,0.7794695494196959,0.7794695494196959,0.8309643633803314,3526.422233232737,13.829106796991127,0.9457690426409016,0.5191494335793037,0.7596291062171392,0.7596291062171392,0.7131809975926089,1927.2307553713797,7.5577676681230574,0.9703621512107253,0.455151042338293,0.7825863147979805,0.7825863147979805,0.8428958067428849,3508.8487005089864,13.760190982388181,0.9460392965812293,0.518536583634009,0.7598701241916561,0.7598701241916561,0.71461032816939
finger_2,1952.2046979865772,7.655704697986577,0.969978090333304,0.4595034425727988,0.7799844961938651,0.7799844961938651,0.8427279190272556,3526.422233232737,13.829106796991127,0.9457690426409016,0.5191494335793037,0.7596291062171392,0.7596291062171392,0.7131809975926089,2079.53470564389,8.15503806134859,0.9680199503945516,0.46308607088717635,0.7796069305914188,0.7796069305914188,0.8311795938588037,3508.8487005089864,13.760190982388181,0.9460392965812293,0.518536583634009,0.7598701241916561,0.7598701241916561,0.71461032816939
finger_2,1952.2046979865772,7.655704697986577,0.969978090333304,0.4595034425727988,0.7799844961938651,0.7799844961938651,0.8427279190272556,3526.422233232737,13.829106796991127,0.9457690426409016,0.5191494335793037,0.7596291062171392,0.7596291062171392,0.7131809975926089,2061.961172920139,8.086122246745642,0.9682902043348793,0.46128319127411715,0.780570365423271,0.780570365423271,0.8319761491873827,3508.8487005089864,13.760190982388181,0.9460392965812293,0.518536583634009,0.7598701241916561,0.7598701241916561,0.71461032816939
finger_2,2490.442953020134,9.766442953020135,0.9617008127053773,0.28055545129203285,0.8906589072564298,0.8906589072564298,0.4717868885554194,2776.618170352687,10.888698707265439,0.9572998774282181,0.28768949791741927,0.8870632061248779,0.8870632061248779,0.4074222610393774,738.0883743975496,2.894464213323724,0.9886493345062352,0.21148394843052457,0.916135434766985,0.916135434766985,0.8437439567463076,2764.902481870186,10.842754830863475,0.95748004672177,0.28737332267436755,0.8872280236760831,0.8872280236760831,0.40992258905187123
finger_2,2490.442953020134,9.766442953020135,0.9617008127053773,0.28055545129203285,0.8906589072564298,0.8906589072564298,0.4717868885554194,2776.618170352687,10.888698707265439,0.9572998774282181,0.28768949791741927,0.8870632061248779,0.8870632061248779,0.4074222610393774,732.2305301562992,2.8714922751227423,0.9887394191530111,0.20902786135705184,0.917390272612827,0.917390272612827,0.8424535647831276,2764.902481870186,10.842754830863475,0.95748004672177,0.28737332267436755,0.8872280236760831,0.8872280236760831,0.40992258905187123
